Author,Average Rating,Books,Countries
A.G. Riddle,3.8766666666666665,"['Departure', 'The Atlantis Plague (The Origin Mystery', '#2)', 'The Atlantis Gene (The Origin Mystery', '#1)']",['United States of America']
Adam Lashinsky,3.83,"[""Inside Apple -- From Steve Jobs Down to the Janitor: How America's Most Successful—and Most Secretive—Big Company Really Works""]",['United States of America']
Adrian Tchaikovsky,4.3,"['Children of Time (Children of Time', '#1)']",['United Kingdom']
Agatha Christie,4.28,['And Then There Were None'],['United Kingdom']
Alan Moore,4.38,['Watchmen'],['United Kingdom']
Albert Camus,4.02,"['The Plague', 'The Stranger']",['France']
Alberto Brandolini,3.85,['Introducing EventStorming'],['Italy']
Aldous Huxley,3.99,['Brave New World'],['United Kingdom']
Alexandre Dumas,4.3,['The Count of Monte Cristo'],['France']
Amina Elmi,4.13,['Barbar: [Tavshedens objekt]'],"['Somalia', 'Denmark']"
Amor Towles,3.9050000000000002,"['You Have Arrived at Your Destination', 'A Gentleman in Moscow']",['United States of America']
Amy C. Edmondson,3.99,"['The Fearless Organization: Creating Psychological Safety in the Workplace for Learning', 'Innovation', 'and Growth']",['United States of America']
Andy Weir,4.0375,"['Project Hail Mary', 'Randomize', 'Artemis', 'The Martian']",['United States of America']
Ann Leckie,3.99,"['Ancillary Justice (Imperial Radch', '#1)']",['United States of America']
Anne Rice,4.02,"['Interview with the Vampire (The Vampire Chronicles', '#1)']",['United States of America']
Anthony Doerr,4.32,['All the Light We Cannot See'],['United States of America']
Antoine de Saint-Exupéry,4.32,['The Little Prince'],['France']
Arthur C. Clarke,4.145,"['Rendezvous with Rama (Rama', '#1)', '2001: A Space Odyssey (Space Odyssey', '#1)']",['United Kingdom']
Astrid Lindgren,4.323333333333333,"['Ronia', ""the Robber's Daughter"", 'The Brothers Lionheart', 'Alle vi børn i Bulderby']",['Sweden']
Atul Gawande,4.04,['The Checklist Manifesto: How to Get Things Right'],['United States of America']
B.V. Larson,3.768,"['Rebellion (Star Force', '#3)', 'Extinction (Star Force', '#2)', 'The Savant (Imperium: Mech', '#2)', 'The Parent (Imperium: Mech', '#1)', 'Swarm (Star Force', '#1)']",['United States of America']
Becky Chambers,4.22,"['Record of a Spaceborn Few (Wayfarers', '#3)', 'The Long Way to a Small', 'Angry Planet (Wayfarers', '#1)', 'A Closed and Common Orbit (Wayfarers', '#2)']",['United States of America']
Belinda Bauer,3.81,['Snap'],['United Kingdom']
Ben H. Winters,3.77,"['The Last Policeman (The Last Policeman', '#1)']",['United States of America']
Benjamín Labatut,4.244999999999999,"['The MANIAC', 'When We Cease to Understand the World']",['Netherlands']
Bent Flyvbjerg,4.32,"['How Big Things Get Done: The Surprising Factors That Determine the Fate of Every Project', 'from Home Renovations to Space Exploration and Everything In Between']",['Denmark']
Betty Smith,4.29,['A Tree Grows in Brooklyn'],['United States of America']
Bill Bryson,4.135,"['A Walk in the Woods: Rediscovering America on the Appalachian Trail', 'A Short History of Nearly Everything']","['Australia', 'United States of America']"
Blake Crouch,4.145,"['Dark Matter', 'Recursion']",['United States of America']
Bram Stoker,4.01,['Dracula'],['Republic of Ireland']
Brandon Sanderson,4.503333333333334,"['Starsight (Skyward', '#2)', 'Skyward (Skyward', '#1)', 'The Way of Kings (The Stormlight Archive', '#1)']",['United States of America']
Brant Cooper,4.11,"['The Lean Entrepreneur: How Visionaries Create Products', 'Innovate with New Ventures', 'and Disrupt Markets']",['United States of America']
Brian Christian,4.26,"['The Alignment Problem: Machine Learning and Human Values', 'Algorithms to Live By: The Computer Science of Human Decisions']",['United States of America']
Brian K. Vaughan,4.3925,"['Saga', 'Volume 4', 'Saga', 'Volume 3', 'Saga', 'Volume 2', 'Saga', 'Volume 1']",['United States of America']
Bryan O'Sullivan,3.46,['Mercurial: The Definitive Guide'],['Republic of Ireland']
C.S. Lewis,4.255,"['The Chronicles of Narnia (The Chronicles of Narnia', '#1-7)', 'The Lion', 'the Witch and the Wardrobe (Chronicles of Narnia', '#1)']",['United Kingdom']
Camille Fournier,4.27,"[""The Manager's Path: A Guide for Tech Leaders Navigating Growth and Change""]",['France']
Charles Duhigg,4.13,['The Power of Habit: Why We Do What We Do in Life and Business'],['United States of America']
Charles Stross,3.9266666666666663,"['Glasshouse', 'Rule 34 (Halting State', '#2)', 'Halting State (Halting State', '#1)', 'The Fuller Memorandum (Laundry Files', '#3)', 'The Jennifer Morgue (Laundry Files', '#2)', 'The Atrocity Archives (Laundry Files', '#1)']",['United Kingdom']
Chelsea Cain,3.93,"['Heartsick (Archie Sheridan & Gretchen Lowell', '#1)']",['United States of America']
China Miéville,3.85,"['Kraken', 'Embassytown', 'The City & the City', 'Perdido Street Station (New Crobuzon', '#1)']",['United Kingdom']
Chris Kraus,3.49,['I Love Dick'],"['Germany', 'United States of America']"
Christian Jungersen,3.7,"['Undtagelsen', 'Du forsvinder']",['Denmark']
Christian Ørsted,4.0200000000000005,"['Fatale forandringer - når ledelse skaber modstand mod forandring', 'Livsfarlig ledelse : Forstå de psykologiske mekanismer', 'der styrer dit arbejdsliv']",['Denmark']
Christina Wodtke,3.97,['Radical Focus : Achieving Your Most Important Goals with Objectives and Key Results ( OKRs )'],['United States of America']
Christopher McDougall,4.3,"['Born to Run: A Hidden Tribe', 'Superathletes', 'and the Greatest Race the World Has Never Seen']",['United States of America']
Chuck Dixon,4.51,['The Hobbit'],['United States of America']
Clay Shirky,3.78,['Here Comes Everybody: The Power of Organizing Without Organizations'],['United States of America']
Conn Iggulden,4.37,"['Fjendeland (Conqueror book 2)', 'Genghis: Birth of an Empire (Conqueror', '#1)']",['United Kingdom']
Cory Doctorow,3.74,"['Down and Out in the Magic Kingdom', 'Pirate Cinema', 'Little Brother (Little Brother', '#1)']",['Canada']
Dan Ariely,4.12,['Predictably Irrational: The Hidden Forces That Shape Our Decisions'],"['United States of America', 'Israel']"
Dan Brown,3.9166666666666665,"['Origin (Robert Langdon', '#5)', 'The Da Vinci Code (Robert Langdon', '#2)', 'Angels & Demons (Robert Langdon', '#1)']",['United States of America']
Dan Simmons,4.26,"['Hyperion (Hyperion Cantos', '#1)']",['United States of America']
Daniel H. Pink,3.95,['Drive: The Surprising Truth About What Motivates Us'],['United States of America']
Daniel H. Wilson,3.7,"['Robopocalypse (Robopocalypse', '#1)']",['United States of America']
Daniel Kahneman,4.18,"['Thinking', 'Fast and Slow']","['United States of America', 'Israel']"
Daniel S. Vacanti,4.4,"[""When Will It Be Done?: Lean-Agile Forecasting to Answer Your Customers' Most Important Question""]",['United States of America']
Daniel Suarez,4.058000000000001,"['Change Agent', 'Influx', 'Kill Decision', 'Freedom™ (Daemon #2)', 'Daemon (Daemon', '#1)']",['United States of America']
David A. Leeming,4.31,['James Baldwin'],['United States of America']
David Allen,4.01,['Getting Things Done: The Art of Stress-Free Productivity'],['United States of America']
David B.,3.89,['Epileptic'],['France']
David Baldacci,4.085,"['One Good Deed (Archer', '#1)', 'The Camel Club (The Camel Club', '#1)']",['United States of America']
David Epstein,4.14,['Range: Why Generalists Triumph in a Specialized World'],"['Australia', 'United Kingdom', 'United States of America']"
David Graeber,4.2,['The Dawn of Everything: A New History of Humanity'],['United States of America']
David Lagercrantz,3.8,"[""The Girl in the Spider's Web (Millennium"", '#4)', 'Det der ikke slår os ihjel (Millennium', '#4)']",['Sweden']
David Petersen,4.01,"['Mouse Guard: Fall 1152 (Mouse Guard', '#1)']",['United States of America']
Dennis E. Taylor,4.28,"['We Are Legion (We Are Bob) (Bobiverse', '#1)']",['Canada']
Dinaw Mengestu,3.48,"['How to Read the Air', 'The Beautiful Things That Heaven Bears']",['Ethiopia']
Donato Carrisi,4.18,['The Whisperer'],['Italy']
Donella H. Meadows,4.21,['Thinking In Systems: A Primer'],['United States of America']
Dorthe Nors,3.41,"['Kort over Canada', 'Spejl', 'skulder', 'blink', 'Kantslag', 'Minna mangler et øvelokale']",['Denmark']
Douglas Adams,4.305,"[""The Ultimate Hitchhiker’s Guide to the Galaxy (Hitchhiker's Guide to the Galaxy"", '#1-5)', ""The Hitchhiker’s Guide to the Galaxy (The Hitchhiker's Guide to the Galaxy"", '#1)']",['United Kingdom']
Douglas Coupland,3.6925,"['Shampoo Planet', 'Eleanor Rigby', 'JPod', 'Microserfs']",['Canada']
Edgar H. Schein,3.75,['Humble Inquiry: The Gentle Art of Asking Instead of Telling'],"['Switzerland', 'United States of America']"
Edward Snowden,4.3,['Permanent Record'],"['Russia', 'United States of America', 'Canada']"
Eliyahu M. Goldratt,4.08,['The Goal: A Process of Ongoing Improvement'],['Israel']
Elly Griffiths,3.93,"['The Crossing Places (Ruth Galloway', '#1)']",['United Kingdom']
Emily Brontë,3.89,['Wuthering Heights'],['United Kingdom']
Emily St. John Mandel,4.075,"['Sea of Tranquility', 'Station Eleven']","['United States of America', 'Canada']"
Eric Evans,4.15,['Domain-Driven Design: Tackling Complexity in the Heart of Software'],['United States of America']
Eric Ries,4.11,['The Lean Startup'],['United States of America']
Erlend Loe,3.91,"['Doppler (Doppler', '#1)']",['Norway']
Ernest Cline,3.89,"['Armada', 'Ready Player One (Ready Player One', '#1)']",['United States of America']
Ernest Hemingway,4.0,"['For Whom the Bell Tolls', 'A Moveable Feast']",['United States of America']
Euripides,3.65,"[""Euripides' Hippolytos (Greek Tragedies Retold)""]",['Greece']
F. Scott Fitzgerald,3.93,['The Great Gatsby'],['United States of America']
Frank Herbert,4.04,"['Children of Dune (Dune', '#3)', 'Dune Messiah (Dune', '#2)', 'Dune (Dune', '#1)']",['United States of America']
Franz Kafka,3.915,"['The Trial', 'The Metamorphosis']","['Austria', 'Czech Republic']"
Frederick P. Brooks Jr.,4.01,['The Mythical Man-Month: Essays on Software Engineering'],['United States of America']
Fredrik Backman,4.38,['A Man Called Ove'],['Sweden']
Fyodor Dostoevsky,4.24,"['Idioten (Rosinantes klassikerserie)', 'Crime and Punishment']",['Russia']
Gabriel García Márquez,4.075,"['Strange Pilgrims: Twelve Stories', 'One Hundred Years of Solitude']",['Colombia']
Gene Kim,4.199999999999999,"['The Unicorn Project', 'The DevOps Handbook: How to Create World-Class Agility', 'Reliability', 'and Security in Technology Organizations', 'Beyond The Phoenix Project: The Origins and Evolution Of DevOps (Official Transcript of The Audio Series)', 'The Phoenix Project: A Novel About IT', 'DevOps', 'and Helping Your Business Win']",['United States of America']
Geoffrey B. West,4.12,"['Scale: The Universal Laws of Growth', 'Innovation', 'Sustainability', 'and the Pace of Life in Organisms', 'Cities', 'Economies', 'and Companies']",['United Kingdom']
George Lakoff,4.09,['Metaphors We Live By'],['United States of America']
George Orwell,4.19,['1984'],['United Kingdom']
George R.R. Martin,4.420000000000001,"['A Game of Thrones (A Song of Ice and Fire #1)', 'A Game of Thrones / A Clash of Kings / A Storm of Swords / A Feast for Crows (A Song of Ice and Fire #1-4)', 'A Dance with Dragons (A Song of Ice and Fire', '#5)', 'A Feast for Crows (A Song of Ice and Fire', '#4)', 'A Storm of Swords (A Song of Ice and Fire', '#3)', 'A Clash of Kings  (A Song of Ice and Fire', '#2)']",['United States of America']
Gillian Flynn,4.13,['Gone Girl'],['United States of America']
Glenn Bech,4.31,['Jeg anerkender ikke længere jeres autoritet'],['Denmark']
Glenn Cooper,3.78,"['Library of the Dead (Will Piper', '#1)']",['United States of America']
Glenn Greenwald,4.07,"['No Place to Hide: Edward Snowden', 'the NSA', 'and the U.S. Surveillance State']",['United States of America']
Greg Egan,4.1899999999999995,"['Axiomatic', 'Diaspora']",['Australia']
Guillermo del Toro,3.8099999999999996,"['The Fall (The Strain Trilogy', '#2)', 'The Strain (The Strain Trilogy', '#1)']",['Mexico']
Halfdan Rasmussen,4.33,['Noget om Nanette'],['Denmark']
Hannu Rajaniemi,3.83,['The Quantum Thief (Jean le Flambeur #1)'],['Finland']
Hans Rosling,4.36,"[""Factfulness: Ten Reasons We're Wrong About the World – and Why Things Are Better Than You Think""]",['Sweden']
Hans Scherfig,3.72,['Det forsømte forår'],['Denmark']
Haruki Murakami,3.99,"['Hvad jeg taler om når jeg taler om at løbe', '1Q84 (1Q84', '#1-3)', 'Kafka on the Shore', 'Hard-Boiled Wonderland and the End of the World', 'Sputnik Sweetheart', 'Dance Dance Dance']",['Japan']
Helen Beal,4.04,"['Investments Unlimited: A Novel About DevOps', 'Security', 'Audit Compliance', 'and Thriving in the Digital Age']",['United Kingdom']
Helle Helle,3.58,['BOB'],['Denmark']
Henrik Kniberg,4.085,"['Scrum and XP from the Trenches', 'Kanban and Scrum - making the most of both (Enterprise Software Development)']",['Sweden']
Henrik Nordbrandt,3.83,['Så en morgen'],['Denmark']
Henrik Pontoppidan,4.2475000000000005,"['Fra hytterne', 'Lykke-Per', 'De Dødes Rige', 'Lykke-Per']",['Denmark']
Henry David Thoreau,3.78,['Walden'],['United States of America']
Herman Melville,3.55,"['Moby-Dick or', 'The Whale']",['United States of America']
Hugh Howey,4.2139999999999995,"['Shift (Silo', '#2)', 'Dust (Silo', '#3)', 'Second Shift: Order (Shift', '#2)', 'First Shift: Legacy (Shift', '#1)', 'Wool Omnibus (Silo', '#1)']",['United States of America']
Håkan Nesser,3.59,"[""Mind's Eye (Inspector Van Veeteren #1)""]",['Sweden']
Iain Banks,3.79,"['The Crow Road', 'Stonemouth', 'The Wasp Factory', 'The Quarry', 'The Steep Approach to Garbadale']",['United Kingdom']
Iain M. Banks,4.075,"['Consider Phlebas (Culture', '#1)', 'The Hydrogen Sonata (Culture', '#10)', 'Inversions (Culture', '#6)', 'Surface Detail (Culture', '#9)', 'Transition', 'Excession (Culture', '#5)', 'Feersum Endjinn', 'The Algebraist', 'Against a Dark Background', 'Matter (Culture', '#8)', 'Look to Windward (Culture', '#7)', 'The Player of Games (Culture', '#2)']",['United Kingdom']
Ian Rankin,4.09,"['The Hanging Garden (Inspector Rebus', '#9)']",['United Kingdom']
Ian Tregillis,3.92,"['The Coldest War (The Milkweed Triptych', '#2)', 'Bitter Seeds (The Milkweed Triptych', '#1)']",['United States of America']
Iben Krarup Høgsberg,4.5,"['Adoptionshåndbogen - Det adopterede barn i familien', 'i dagtilbud og skole']",['Denmark']
Ida Holmegaard,4.12,['Look - Læsninger'],['Denmark']
Ijeoma Oluo,4.5,['So You Want to Talk About Race'],['United States of America']
Ildefonso Falcones,4.16,"['La catedral del mar (La catedral del mar', '#1)']",['Spain']
Inger Christensen,4.35,['alfabet'],['Denmark']
Isaac Asimov,4.17,"['Foundation (Foundation', '#1)']",['United States of America']
Isabel Wilkerson,4.53,['Caste: The Origins of Our Discontents'],['United States of America']
J.K. Rowling,4.556666666666667,"['Harry Potter and the Chamber of Secrets (Harry Potter', '#2)', 'Harry Potter Series Box Set (Harry Potter', '#1-7)', 'Harry Potter and the Order of the Phoenix (Harry Potter', '#5)', ""Harry Potter and the Sorcerer's Stone (Harry Potter"", '#1)', 'Harry Potter and the Prisoner of Azkaban (Harry Potter', '#3)', 'Harry Potter and the Deathly Hallows (Harry Potter', '#7)']",['United Kingdom']
J.R.R. Tolkien,4.476666666666667,"['J.R.R. Tolkien 4-Book Boxed Set: The Hobbit and The Lord of the Rings', 'The Lord of the Rings', 'The Two Towers (The Lord of the Rings', '#2)', 'The Return of the King (The Lord of the Rings', '#3)', 'The Fellowship of the Ring (The Lord of the Rings', '#1)', 'The Hobbit (The Lord of the Rings', '#0)']",['United Kingdom']
Jack Campbell,4.021666666666667,"['Victorious (The Lost Fleet', '#6)', 'Relentless (The Lost Fleet', '#5)', 'Valiant (The Lost Fleet', '#4)', 'Courageous (The Lost Fleet', '#3)', 'Fearless (The Lost Fleet', '#2)', 'Dauntless (The Lost Fleet', '#1)']",['United States of America']
James Crumley,4.05,"['The Last Good Kiss (C.W. Sughrue', '#1)']",['United States of America']
James Joyce,3.75,['Ulysses'],['Republic of Ireland']
James P. Womack,3.92,['Lean Thinking: Banish Waste and Create Wealth in Your Corporation'],['United States of America']
Jan Guillou,4.08,"['Tempelridderen', 'The Road to Jerusalem (The Knight Templar', '#1)']",['Sweden']
Jeff Patton,4.2,"['User Story Mapping: Discover the Whole Story', 'Build the Right Product']",['United States of America']
Jeff Sutherland,4.15,['Scrum: The Art of Doing Twice the Work in Half the Time'],['United States of America']
Jeff VanderMeer,3.77,"['Annihilation (Southern Reach', '#1)']",['United States of America']
Jennifer Foehner Wells,3.83,"['Fluency (Confluence', '#1)']",['United States of America']
Jim Benson,3.78,['Personal Kanban: Mapping Work Navigating Life'],['United States of America']
Jim Butcher,4.033333333333333,"['Storm Front (The Dresden Files', '#1)', 'Fool Moon (The Dresden Files', '#2)', 'Grave Peril (The Dresden Files', '#3)']",['United States of America']
Jo Nesbø,3.893333333333333,"['The Redeemer (Harry Hole', '#6)', 'Marekors (Harry Hole', '#5)', 'Nemesis (Harry Hole', '#4)', 'The Redbreast (Harry Hole', '#3)', 'Cockroaches (Harry Hole', '#2)', 'Flaggermusmannen (Harry Hole', '#1)']",['Norway']
Joe Abercrombie,4.3,"['Last Argument of Kings (The First Law', '#3)', 'Before They Are Hanged (The First Law', '#2)', 'The Blade Itself (The First Law', '#1)']",['United Kingdom']
Joe Soll,4.34,['Adoption Healing... a path to recovery'],['United States of America']
Johan Harstad,4.42,"['Max', 'Mischa og Tetoffensiven']",['Norway']
Johann Hari,4.27,['Lost Connections: Uncovering the Real Causes of Depression - and the Unexpected Solutions'],['United Kingdom']
Johannes V. Jensen,3.72,['Kongens fald'],['Denmark']
John Ousterhout,4.21,['A Philosophy of Software Design'],['United States of America']
John Scalzi,4.023999999999999,"['The Dispatcher (The Dispatcher', '#1)', 'Lock In (Lock In', '#1)', 'Fuzzy Nation (Fuzzy Sapiens', '#7)', 'Redshirts', ""Old Man's War (Old Man's War"", '#1)']",['United States of America']
John Steinbeck,3.83,['Tortilla Flat'],['United States of America']
John Twelve Hawks,3.815,"['The Dark River (Fourth Realm', '#2)', 'The Traveler (Fourth Realm', '#1)']",['United States of America']
John Verdon,3.88,"['Think of a Number (Dave Gurney', '#1)']",['United States of America']
John le Carré,3.46,['The Mission Song'],"['Republic of Ireland', 'United Kingdom']"
Johnny Cash,4.02,['Cash'],['United States of America']
Jonathan Franzen,3.83,['The Corrections'],['United States of America']
Jonathan Renshaw,4.35,"['Dawn of Wonder (The Wakening', '#1)']",['United States of America']
Jonathan Safran Foer,3.97,['Extremely Loud & Incredibly Close'],['United States of America']
Jonathan Smart,4.24,['Sooner Safer Happier: Antipatterns and Patterns for Business Agility'],['United Kingdom']
Joseph DiBella,4.52,['Mind War; The Singularity'],['United States of America']
Jostein Gaarder,3.96,['Sophie’s World'],['Norway']
Jussi Adler-Olsen,3.8939999999999997,"['The Keeper of Lost Causes (Department Q', '#1)', 'Washington Dekretet', 'Journal 64 (Department Q', '#4)', 'Flaskepost fra P (Afdeling Q', '#3)', 'Fasandræberne (Afdeling Q', '#2)']",['Denmark']
Karl Ove Knausgård,4.250000000000001,"['Min kamp 5 (Min kamp', '#5)', 'Min kamp 4 (Min kamp', '#4)', 'Min kamp 3 (Min kamp', '#3)', 'Min kamp 2 (Min kamp', '#2)', 'Min kamp 1 (Min kamp', '#1)']",['Norway']
Karoline Stjernfelt,4.22,"['Kongen (I morgen bliver bedre', '#1)']",['Denmark']
Karyl McBride,4.2,['Will I Ever Be Good Enough? Healing the Daughters of Narcissistic Mothers'],['United States of America']
Katinka Agger,3.71,['Du ved ingenting om døden'],['Denmark']
Kazuo Ishiguro,3.945,"['The Remains of the Day', 'Klara and the Sun']","['United Kingdom', 'Japan']"
Ken Follett,4.046666666666667,"['Eye of the Needle', 'The Pillars of the Earth (Kingsbridge', '#1)', 'The Hammer of Eden']","['Wales', 'United Kingdom']"
Kent Beck,3.61,['Implementation Patterns'],['United States of America']
Kent Haruf,4.03,"['Plainsong (Plainsong', '#1)']",['United States of America']
Kerry Patterson,4.07,['Crucial Conversations: Tools for Talking When Stakes are High'],['United States of America']
Khaled Hosseini,4.385,"['A Thousand Splendid Suns', 'The Kite Runner']",['United States of America']
Kim Blæsbjerg,3.95,"['De bedste familier', 'Rådhusklatreren']",['Denmark']
Kim Faber,3.8949999999999996,"['Skyggeriget (En Signe Christiansen og Martin Juncker-krimi', '#4)', 'Kvæler (En Signe Christiansen og Martin Juncker-krimi', '#3)', 'Satans sommer (En Signe Christiansen og Martin Juncker-krimi', '#2)', 'Vinterland (En Signe Christiansen og Martin Juncker-krimi', '#1)']",['Denmark']
Kim Leine,3.96,"['Profeterne i Evighedsfjorden (Grønlands-trilogi', '#1)']","['Denmark', 'Norway']"
Kim Malone Scott,4.07,['Radical Candor: Be a Kickass Boss Without Losing Your Humanity'],['United States of America']
Kim Stanley Robinson,3.86,"['Red Mars (Mars Trilogy', '#1)']",['United States of America']
Knud Romer,3.75,['Den som blinker er bange for døden'],['Denmark']
Knut Hamsun,4.05,['Hunger'],['Norway']
Kristian Bang Foss,3.76,['Frank vender hjem'],['Denmark']
Kristin Leer,4.0,['ADHD: Viden og redskaber til at mestre livet'],['Norway']
Kristin Vego,3.51,['Se en siste gang på alt vakkert'],['Denmark']
Kurt Vonnegut Jr.,4.1,['Slaughterhouse-Five'],['United States of America']
Kyle Simpson,4.52,"[""You Don't Know JS: this & Object Prototypes"", ""You Don't Know JS: Scope and Closures (You Don't Know JS"", '#2)']",['United States of America']
Larry Niven,4.01,"[""The Mote in God's Eye (Moties"", '#1)', 'Ringworld (Ringworld', '#1)']",['United States of America']
Lars Kepler,3.74,"['The Hypnotist (Joona Linna', '#1)']",['Denmark']
Lars Tvede,3.78,"['Bobler', 'bullshit og børsfest']",['Denmark']
Laszlo Bock,4.13,['Work Rules!: Insights from Inside Google That Will Transform How You Live and Lead'],['United States of America']
Lee Child,4.128823529411766,"['A Wanted Man (Jack Reacher', '#17)', 'Gone Tomorrow (Jack Reacher', '#13)', 'The Affair (Jack Reacher', '#16)', 'Worth Dying For (Jack Reacher', '#15)', '61 Hours (Jack Reacher', '#14)', 'Nothing to Lose (Jack Reacher', '#12)', 'Bad Luck and Trouble (Jack Reacher', '#11)', 'The Hard Way (Jack Reacher', '#10)', 'One Shot (Jack Reacher', '#9)', 'Without Fail (Jack Reacher', '#6)', 'The Enemy (Jack Reacher', '#8)', 'Persuader (Jack Reacher', '#7)', 'Tripwire  (Jack Reacher', '#3)', 'Killing Floor (Jack Reacher #1)', 'Die Trying (Jack Reacher', '#2)', 'Echo Burning (Jack Reacher', '#5)', 'Running Blind (Jack Reacher', '#4)']","['Republic of Ireland', 'United Kingdom']"
Leif Davidsen,3.475,"['Min broders vogter', 'På udkig efter Hemingway']",['Denmark']
Leigh Bardugo,4.48,"['Six of Crows (Six of Crows', '#1)']",['United States of America']
Leo Tolstoy,4.09,['Anna Karenina'],['Russia']
Leonard Richardson,3.86,['RESTful Web Services'],['South Africa']
Linda Babcock,3.91,"[""The No Club: Putting a Stop to Women's Dead-End Work""]",['United States of America']
Liu Cixin,4.31,"[""Death's End (Remembrance of Earth’s Past"", '#3)', 'The Dark Forest (Remembrance of Earth’s Past', '#2)', 'The Three-Body Problem (Remembrance of Earth’s Past', '#1)']","[""People's Republic of China""]"
Lotte Hammer,3.2066666666666666,"['Alting har sin pris (Konrad Simonsen', '#2)', 'The Hanging (Konrad Simonsen', '#1)', 'Svinehunde (Konrad Simonsen', '#1)']",['Denmark']
Lotte Palsteen,4.33,['Din teenager er dit spejl - Tør du kigge i det?'],['Denmark']
Maaza Mengiste,3.95,"[""Beneath the Lion's Gaze""]",['Ethiopia']
Madeline Miller,4.24,['Circe'],['United States of America']
Mai Jia,3.27,['Decoded'],"[""People's Republic of China""]"
Malcolm Gladwell,4.05,"['Outliers: The Story of Success', 'Blink: The Power of Thinking Without Thinking', 'The Tipping Point: How Little Things Can Make a Big Difference']",['United Kingdom']
Manu Sareen,3.87,['Hører du overhovedet efter?!'],['Denmark']
Marcel Proust,4.15,"['Du côté de chez Swann (À la recherche du temps perdu', '#1)']",['France']
Marcus Aurelius,4.28,['Meditations'],['Italy']
Maren Uthaug,3.62,['11%'],['Norway']
Margaret Atwood,4.01,"['Oryx and Crake (MaddAddam', '#1)']",['Canada']
Marianne Iben Hansen,4.44,['Gennem sprækkerne'],['Denmark']
Marjane Satrapi,4.324999999999999,"['The Complete Persepolis', 'Persepolis: The Story of a Childhood (Persepolis', '#1)']","['France', 'Iran']"
Mark Allen Smith,3.66,"['The Inquisitor: A Novel', 'The Inquisitor (Geiger', '#1)']",['United Kingdom']
Mark Lawrence,4.010000000000001,"['Dispel Illusion (Impossible Times', '#3)', 'Limited Wish (Impossible Times', '#2)', 'One Word Kill (Impossible Times', '#1)']",['United States of America']
Mark Schwartz,4.08,"['A Seat at the Table: IT Leadership in the Age of Agility', 'The Art Of Business Value']",['United States of America']
Mark Seemann,4.42,['Dependency Injection in .NET'],['Denmark']
Marko Kloos,4.1,"['Lines of Departure (Frontlines', '#2)', 'Terms of Enlistment']",['Germany']
Martha Wells,4.265000000000001,"['Exit Strategy (The Murderbot Diaries', '#4)', 'Rogue Protocol (The Murderbot Diaries', '#3)', 'Artificial Condition (The Murderbot Diaries', '#2)', 'All Systems Red (The Murderbot Diaries', '#1)']",['United States of America']
Martin Jensen,3.53,['Frit gennem Jylland'],['Denmark']
Mary Doria Russell,4.14,"['The Sparrow (The Sparrow', '#1)']",['United States of America']
Mary Wollstonecraft Shelley,3.87,['Frankenstein: The 1818 Text'],['United Kingdom']
Matias Faldbakken,3.74,"['Stakkel', 'Stakkar']",['Norway']
Matt Ruff,4.02,"['Lovecraft Country (Lovecraft Country', '#1)']",['United States of America']
Matthew Mather,3.675,"['The Complete Atopia Chronicles (Atopia Chronicles', '#1-6', 'Atopia', '#1)', 'CyberStorm (CyberStorm #1)']",['Canada']
Matthew Skelton,3.9,"['Remote Team Interactions Workbook: Using Team Topologies Patterns for Remote Working', 'Team Topologies: Organizing Business and Technology Teams for Fast Flow']","['United Kingdom', 'Canada']"
Max Barry,3.91,['Lexicon'],['Australia']
Max Brooks,3.85,['The Zombie Survival Guide: Complete Protection from the Living Dead'],['United States of America']
Michael C. Feathers,4.14,['Working Effectively with Legacy Code'],['United States of America']
Michael Chabon,3.945,"['The Amazing Adventures of Kavalier & Clay', ""The Yiddish Policemen's Union""]",['United States of America']
Michael Crichton,3.53,['Next'],['United States of America']
Michael Katz Krefeld,3.83,"['Afsporet (Ravn', '#1)']",['Denmark']
Michael Lopp,4.18,"['The Art of Leadership: Small Things', 'Done Well']",['United States of America']
Michael Scott,4.026666666666666,"['The Sorceress (The Secrets of the Immortal Nicholas Flamel', '#3)', 'The Magician (The Secrets of the Immortal Nicholas Flamel', '#2)', 'The Alchemyst (The Secrets of the Immortal Nicholas Flamel', '#1)']",['Republic of Ireland']
Michael T. Nygard,4.26,['Release It!: Design and Deploy Production-Ready Software (Pragmatic Programmers)'],['United States of America']
Michael White,3.31,['The Borgia Ring'],['United Kingdom']
Michel Houellebecq,3.8,['The Elementary Particles'],['France']
Michelle Obama,4.46,['Becoming'],['United States of America']
Mik Kersten,3.93,['Project to Product: How to Survive and Thrive in the Age of Digital Disruption with the Flow Framework'],"['Poland', 'Canada']"
Mike Ashley,3.66,['The Mammoth Book of Apocalyptic SF'],['United Kingdom']
Mike Rother,4.19,"['Toyota Kata: Managing People for Improvement', 'Adaptiveness and Superior Results']",['United States of America']
Milan Kundera,4.11,['The Unbearable Lightness of Being'],"['France', 'Czech Republic']"
Mira Grant,3.67,"['Parasite (Parasitology', '#1)']",['United States of America']
Mitch Albom,4.37,['The Magic Strings of Frankie Presto'],['United States of America']
Mohamed Mbougar Sarr,4.19,['La plus secrète mémoire des hommes'],['Senegal']
Morten Münster,4.1899999999999995,"['Jytte vender tilbage: Den umoderne guide til at skabe forandringer imod alle odds', 'Jytte fra Marketing er desværre gået for i dag: Sådan bruger du adfærdsdesign til at skabe forandringer i den virkelige verden']",['Denmark']
N.K. Jemisin,4.17,"['Emergency Skin', 'The Fifth Season (The Broken Earth', '#1)']",['United States of America']
Nassim Nicholas Taleb,4.01,"['Fooled by Randomness: The Hidden Role of Chance in Life and in the Markets (Incerto)', 'The Black Swan: The Impact of the Highly Improbable', 'Skin in the Game: The Hidden Asymmetries in Daily Life', 'Antifragile: Things That Gain from Disorder']","['Lebanon', 'United States of America']"
Neal Stephenson,4.115,"['The Confusion (The Baroque Cycle', '#2)', 'Quicksilver (The Baroque Cycle', '#1)', 'Cryptonomicon', 'Snow Crash']",['United States of America']
Nega Mezlekia,3.89,"[""Notes from the Hyena's Belly: An Ethiopian Boyhood""]","['Ethiopia', 'Canada']"
Neil Gaiman,4.164444444444444,"['Norse Mythology', 'The Sandman', 'Vol. 3: Dream Country', 'The Sandman', ""Vol. 2: The Doll's House"", 'Norse Mythology', 'The Sandman', 'Vol. 1: Preludes & Nocturnes', 'The Ocean at the End of the Lane', 'Neverwhere (London Below', '#1)', 'American Gods (American Gods', '#1)', 'Anansi Boys']",['United Kingdom']
Neil deGrasse Tyson,4.08,['Astrophysics for People in a Hurry'],['United States of America']
Nick Harkaway,3.93,['Tigerman'],['United Kingdom']
Nick Hornby,3.615,"['About a Boy', 'A Long Way Down']",['United Kingdom']
Nick Tune,4.16,"['Architecture Modernization - Socio-technical alignment of software', 'strategy', 'and structure']",['United Kingdom']
Nicole Forsgren,4.07,['Accelerate: Building and Scaling High Performing Technology Organizations'],['United States of America']
Niels Overgaard,3.96,['Det hele handler ikke om dig'],['Denmark']
Niviaq Korneliussen,3.67,['Blomsterdalen'],['Greenland']
Nnedi Okorafor,3.961111111111111,"['Lagoon', 'Remote Control', 'Who Fears Death (Who Fears Death', '#1)', 'Akata Warrior (The Nsibidi Scripts', '#2)', 'Akata Witch (The Nsibidi Scripts #1)', 'The Night Masquerade (Binti', '#3)', 'Home (Binti', '#2)', 'Home (Binti', '#2)', 'Binti (Binti', '#1)']","['United States of America', 'Nigeria']"
Octavia E. Butler,4.3,['Kindred'],['United States of America']
Olga Tokarczuk,3.96,['Drive Your Plow Over the Bones of the Dead'],['Poland']
Oliver Burkeman,4.04,"[""The Antidote: Happiness for People Who Can't Stand Positive Thinking""]",['United Kingdom']
Oliver Sacks,4.06,['The Man Who Mistook His Wife for a Hat and Other Clinical Tales'],['United Kingdom']
Orson Scott Card,4.205,"[""Speaker for the Dead (Ender's Saga"", '#2)', ""Ender’s Game (Ender's Saga"", '#1)']",['United States of America']
Paolo Bacigalupi,3.8,"['The Water Knife', 'The Windup Girl']",['United States of America']
Patricia Cornwell,4.035,"['Body of Evidence (Kay Scarpetta', '#2)', 'Postmortem (Kay Scarpetta', '#1)']",['United States of America']
Patrick Lencioni,4.11,['The Five Dysfunctions of a Team'],['United States of America']
Patrick Rothfuss,4.52,"['The Name of the Wind (The Kingkiller Chronicle', '#1)']",['United States of America']
Patrick Süskind,4.04,['Perfume: The Story of a Murderer'],['Germany']
Paul Antony Jones,3.7750000000000004,"['Exodus (Extinction Point', '#2)', 'Extinction Point (Extinction Point', '#1)']",['United Kingdom']
Paul Beatty,3.75,['The Sellout'],['United States of America']
Paul Tremblay,3.76,['The Last Conversation'],['United States of America']
Paulo Coelho,3.91,['The Alchemist'],['Brazil']
Peter Clines,3.92,"['The Fold (Threshold', '#2)', '14 (Threshold', '#1)']",['United States of America']
Peter F. Hamilton,4.16,"[""Pandora's Star (Commonwealth Saga"", '#1)', 'Fallen Dragon', 'The Temporal Void (Void #2)', 'The Dreaming Void (Void', '#1)', 'Great North Road']",['United Kingdom']
Peter Høeg,3.74,"[""Smilla's Sense of Snow""]",['Denmark']
Peter Sestoft,4.29,['C# Precisely'],['Denmark']
Peter Watts,4.01,"['Blindsight (Firefall', '#1)']",['Canada']
Peter Wohlleben,4.07,['The Hidden Lives of Trees'],['Germany']
Philip Pullman,4.02,"['The Golden Compass (His Dark Materials', '#1)']",['United Kingdom']
Phoebe Robinson,3.84,"[""You Can't Touch My Hair: And Other Things I Still Have to Explain""]",['United States of America']
Pierce Brown,4.369999999999999,"['Golden Son (Red Rising Saga', '#2)', 'Red Rising (Red Rising Saga', '#1)']",['United States of America']
Pierre Henri Kuaté,3.54,['NHibernate in Action'],['South Africa']
Ray Bradbury,3.97,['Fahrenheit 451'],['United States of America']
Raymond E. Feist,4.19,"['A Darkness At Sethanon (The Riftwar Saga', '#4)']",['United States of America']
Richard Adams,4.08,"['Watership Down (Watership Down', '#1)']",['United Kingdom']
Richard Phillips,3.865,"['Immune (The Rho Agenda', '#2)', 'The Second Ship (The Rho Agenda', '#1)']",['United States of America']
Richard Sheridan,4.07,"['Joy', 'Inc.: How We Built a Workplace People Love']",['United States of America']
Robert C. Martin,4.27,['The Clean Coder: A Code of Conduct for Professional Programmers'],['United States of America']
Robert Jordan,4.25,"['The Shadow Rising (The Wheel of Time', '#4)', 'The Dragon Reborn (The Wheel of Time', '#3)', 'The Great Hunt (The Wheel of Time', '#2)', 'The Eye of the World (The Wheel of Time', '#1)']",['United States of America']
Robert Kirkman,4.376666666666666,"['The Walking Dead', 'Book Six', 'The Walking Dead', 'Book Five', 'The Walking Dead', 'Book Four', 'The Walking Dead', 'Book Three', 'The Walking Dead', 'Book Two', 'The Walking Dead', 'Book One']",['United States of America']
Robert M. Pirsig,3.78,['Zen and the Art of Motorcycle Maintenance'],['United States of America']
Robert Wilson,4.04,"['The Ignorance of Blood (Javier Falcon', '#4)']",['United Kingdom']
Robin DiAngelo,4.17,['White Fragility: Why It’s So Hard for White People to Talk About Racism'],['United States of America']
Robin Hobb,4.216666666666666,"[""Assassin's Quest (Farseer Trilogy"", '#3)', 'Royal Assassin (Farseer Trilogy', '#2)', ""Assassin's Apprentice (Farseer Trilogy"", '#1)']",['United States of America']
Roger Fisher,3.95,['Getting to Yes: Negotiating an agreement without giving in'],"['United States of America', 'United Kingdom']"
Roy Osherove,4.1,['The Art of Unit Testing: With Examples in .NET'],['Israel']
Ryk E. Spoor,4.05,"['Grand Central Arena  (Grand Central Arena', '#1)']",['United States of America']
S.S. Taylor,3.99,"[""The Expeditioners and the Treasure of Drowned Man's Canyon""]",['United States of America']
Sakyong Mipham,3.84,['Running with the Mind of Meditation: Lessons for Training Body and Mind'],['India']
Sally Rooney,3.81,['Normal People'],['Republic of Ireland']
Salman Rushdie,3.71,['The Satanic Verses'],"['United States of America', 'United Kingdom', 'India']"
Sam Kean,3.93,"['The Disappearing Spoon: And Other True Tales of Madness', 'Love', 'and the History of the World from the Periodic Table of the Elements']",['United States of America']
Sam Newman,4.21,['Building Microservices: Designing Fine-Grained Systems'],['United Kingdom']
Scott Chacon,4.18,"[""Pro Git (Expert's Voice in Software Development)""]",['United States of America']
Scott Jurek,4.02,['Eat & Run: My Unlikely Journey to Ultramarathon Greatness'],['United States of America']
Sebastian Klein,4.15,['Verdens 100 farligste dyr'],['Denmark']
Sebastian Lynggard,3.82,['Mandsforræder'],['Denmark']
Seneca,4.35,['Letters on Ethics: To Lucilius (The Complete Works of Lucius Annaeus Seneca)'],['Italy']
Seth Godin,3.72,['Meatball Sundae: Is Your Marketing out of Sync?'],['United States of America']
Shelby Van Pelt,4.4,['Remarkably Bright Creatures'],['United States of America']
Sherrie Eldridge,3.71,['Twenty Things Adopted Kids Wish Their Adoptive Parents Knew'],['United States of America']
Sherry Turkle,3.62,['Alone Together: Why We Expect More from Technology and Less from Each Other'],['United States of America']
Sigrid Undset,4.05,['The Wreath (Kristin Lavransdatter #1)'],['Norway']
Simon Sinek,3.88,"['Find Your Why: A Practical Guide to Discovering Purpose for You and Your Team', 'Start with Why: How Great Leaders Inspire Everyone to Take Action']",['United Kingdom']
Simon Toyne,3.83,"['Sanctus (Sancti Trilogy', '#1)']",['United Kingdom']
Simon Wardley,4.29,['Wardley Maps'],['United Kingdom']
Simone de Beauvoir,4.12,['Memoirs of a Dutiful Daughter'],['France']
Siri Pettersen,4.12,"['Odinsbarn (Ravneringene', '#1)']",['Norway']
Sissel-Jo Gazan,3.885,"['Uglens øje', 'Dinosaurens fjer', 'Svalens graf', 'Hvide blomster']",['Denmark']
Sofie Hagen,4.23,['Happy Fat: Taking Up Space in a World That Wants to Shrink You'],['Denmark']
Stefan Ahnhem,3.97,"['Victim Without a Face (Fabian Risk', '#1)']",['Sweden']
Stefan Zweig,4.27,['Chess Story'],['Austria']
Stephen King,4.162222222222222,"['Pet Sematary', 'The Drawing of the Three (The Dark Tower', '#2)', 'The Gunslinger (The Dark Tower', '#1)', '’Salem’s Lot', 'The Waste Lands (The Dark Tower', '#3)', 'It', 'The Shining (The Shining', '#1)', 'The Stand', 'Full Dark', 'No Stars']",['United States of America']
Stephen Moss,4.08,"['Fear the Sky (The Fear Saga', '#1)']",['United Kingdom']
Stephenie Meyer,3.65,"['Twilight (The Twilight Saga', '#1)']",['United States of America']
Steve Freeman,4.19,"['Growing Object-Oriented Software', 'Guided by Tests']","['United States of America', 'United Kingdom']"
Steve Martin,3.88,"[""Born Standing Up: A Comic's Life""]",['United States of America']
Steve Niles,4.17,['I Am Legend'],['United States of America']
Steven D. Levitt,4.01,['Freakonomics: A Rogue Economist Explores the Hidden Side of Everything'],['United States of America']
Stieg Larsson,4.22,"['The Girl Who Played with Fire (Millennium', '#2)', 'The Girl Who Kicked the Hornet’s Nest (Millennium', '#3)', 'The Girl with the Dragon Tattoo (Millennium', '#1)']",['Sweden']
Stine Pilgaard,3.8,['Meter i sekundet'],['Denmark']
Stuart Russell,4.07,['Human Compatible: AI and the Problem of Control'],['United Kingdom']
Susan Cain,4.08,"[""Quiet: The Power of Introverts in a World That Can't Stop Talking""]",['United States of America']
Suzanne Collins,4.34,"['The Hunger Games (The Hunger Games', '#1)']","['United States of America', 'Republic of Ireland', 'United Kingdom']"
Svend Brinkmann,3.62,['Stå fast'],['Denmark']
Søren Sveistrup,4.2,['Kastanjemanden'],['Denmark']
Tamsyn Muir,4.21,"['Gideon the Ninth (The Locked Tomb', '#1)', 'Gideon the Ninth (The Locked Tomb', '#1)']",['New Zealand']
Tara Westover,4.47,['Educated'],['United States of America']
Tarjei Vesaas,4.13,['Fuglene'],['Norway']
Taylor Jenkins Reid,4.42,['The Seven Husbands of Evelyn Hugo'],['United States of America']
Terry Goodkind,4.076666666666667,"['Blood of the Fold (Sword of Truth', '#3)', 'Stone of Tears (Sword of Truth', '#2)', ""Wizard's First Rule (Sword of Truth"", '#1)']",['United States of America']
Terry Mancour,3.99,['Spellmonger (The Spellmonger #1)'],['United States of America']
Terry Pratchett,4.074999999999999,"['The Light Fantastic (Discworld', '#2; Rincewind', '#2)', 'Equal Rites (Discworld', '#3; Witches', '#1)', 'Mort (Discworld', '#4; Death', '#1)', 'The Color of Magic (Discworld', '#1; Rincewind', '#1)']",['United Kingdom']
Thich Nhat Hanh,4.3149999999999995,"['Peace Is Every Step: The Path of Mindfulness in Everyday Life', ""The Heart of the Buddha's Teaching: Transforming Suffering into Peace"", 'Joy', 'and Liberation']","['France', 'Vietnam']"
Thomas Clemen,3.55,['Langs smertegrænsen'],['Denmark']
Thomas Enger,3.73,['Skindød'],['Norway']
Thomas Korsgaard,3.9466666666666668,"['Man skulle nok have været der', 'En dag vil vi grine af det', 'Hvis der skulle komme et menneske forbi']",['Denmark']
Thomas Mann,3.7,['Death in Venice'],['Germany']
Toni Morrison,3.95,['Beloved'],['United States of America']
Tove Alsterdal,3.38,['Kvinderne på stranden'],['Sweden']
Trudi Canavan,4.056666666666666,"['The High Lord (Black Magician Trilogy', '#3)', 'The Novice (Black Magician Trilogy', '#2)', ""The Magicians' Guild (Black Magician Trilogy"", '#1)']",['Australia']
Umberto Eco,3.85875,"['Inventing the Enemy: Essays', 'Serendipities: Language and Lunacy', 'Postscript to the Name of the Rose', 'How to Travel With a Salmon & Other Essays', 'The Island of the Day Before', 'Baudolino', 'Foucault’s Pendulum', 'The Name of the Rose']",['Italy']
Ursula K. Le Guin,4.09,"['The Farthest Shore (Earthsea Cycle', '#3)', 'The Tombs of Atuan (Earthsea Cycle', '#2)', 'A Wizard of Earthsea (Earthsea Cycle', '#1)']",['United States of America']
V.E. Schwab,4.19,['The Invisible Life of Addie LaRue'],['United States of America']
Vaughn Heppner,3.86,"['Alien Honor (Fenris', '#1)']",['Canada']
Vaughn Vernon,4.06,['Implementing Domain-Driven Design'],['United States of America']
Vernor Vinge,4.225,"['A Deepness in the Sky', 'A Fire Upon the Deep']",['United States of America']
Veronica Roth,3.87,"['Ark', 'Divergent (Divergent', '#1)']",['United States of America']
Viktor E. Frankl,4.34,['Psykologi og eksistens'],['Austria']
Virginia Woolf,3.975,"['The Waves', 'To the Lighthouse']",['United Kingdom']
Vladik Khononov,4.47,['Learning Domain-Driven Design: Aligning Software Architecture and Business Strategy'],['Israel']
Vladimir Nabokov,3.88,['Lolita'],['Russia']
Walter Isaacson,4.16,['Einstein: His Life and Universe'],['United States of America']
Wes McKinney,4.17,['Python for Data Analysis'],['United States of America']
Wildbow,4.61,"['Worm (Parahumans', '#1)']",['Canada']
William Gibson,3.855555555555555,"['Alien III', 'Virtual Light (Bridge Trilogy', '#1)', 'Pattern Recognition (Blue Ant', '#1)', 'The Peripheral (Jackpot #1)', 'Zero History (Blue Ant', '#3)', 'Spook Country (Blue Ant', '#2)', 'Mona Lisa Overdrive (Sprawl', '#3)', 'Count Zero (Sprawl', '#2)', 'Neuromancer (Sprawl', '#1)']",['United States of America']
William Golding,3.69,['Lord of the Flies'],['United Kingdom']
William Hertling,3.953333333333333,"['Avogadro Corp (Singularity', '#1)', 'The Last Firewall (Singularity', '#3)', 'A.I. Apocalypse (Singularity', '#2)']",['United States of America']
William Peter Blatty,4.2,['The Exorcist'],['United States of America']
Yann Martel,3.94,['Life of Pi'],['Canada']
Yuval Noah Harari,4.36,['Sapiens: A Brief History of Humankind'],['Israel']
bell hooks,4.37,"['The Will to Change: Men', 'Masculinity', 'and Love']",['United States of America']
Ágota Kristóf,4.41,"['The Notebook', 'The Proof', 'The Third Lie: Three Novels']","['Switzerland', 'Hungary']"
Édouard Louis,4.32,['Forvandlingens metode'],['France']
